{
  "baseline_store_text": {
    "bytes_lexical_sidecar": 0,
    "bytes_total": 49725796,
    "cold_build_ms": 4437.3811510000005,
    "document_count": 20215,
    "incremental_commit": {
      "count": 200,
      "mean_ms": 17.398173459999967,
      "p50_ms": 10.562127000000032,
      "p95_ms": 22.35314600000038
    },
    "post_mutation_first_query_full_rebuild_ms": {
      "count": 15,
      "mean_ms": 478.86045113333347,
      "p50_ms": 449.82778299999995,
      "p95_ms": 551.009312999998
    },
    "post_mutation_first_query_incremental_ms": {
      "count": 15,
      "mean_ms": 32.704642333332735,
      "p50_ms": 32.95019199999771,
      "p95_ms": 33.59791799999812
    },
    "post_reopen_hybrid_recall_at_k": 0.96875,
    "query_backend": {
      "hybrid": "gpu_cupy_exact_direct",
      "lexical": "avx512bw",
      "vector": "gpu_cupy_exact_direct"
    },
    "query_latency_ms": {
      "hybrid": {
        "count": 20,
        "mean_ms": 43.736357899999945,
        "p50_ms": 20.11901199999855,
        "p95_ms": 490.331638999999
      },
      "lexical": {
        "count": 20,
        "mean_ms": 9.033916199999936,
        "p50_ms": 9.015393000000316,
        "p95_ms": 9.58791100000056
      },
      "vector": {
        "count": 20,
        "mean_ms": 46.11466170000007,
        "p50_ms": 13.216629000000424,
        "p95_ms": 669.1367209999992
      }
    },
    "recall_at_k": {
      "hybrid": 0.96875,
      "lexical": 1.0,
      "vector": 0.0
    },
    "reopen_load_ms": 1188.4714340000003
  },
  "commit_overhead": {
    "absolute_ms": 6.222440260000031,
    "baseline_mean_ms": 17.398173459999967,
    "note": "store_text held True; the delta is the additive cost of index_text",
    "relative_pct": 35.76490528908684,
    "with_index_text_mean_ms": 23.620613719999998
  },
  "config": {
    "dim": 384,
    "incremental": 200,
    "ingest_batch": 2000,
    "plant_every": 50,
    "planted_token_count": 134,
    "query_batch": 64,
    "query_count": 20,
    "scale": 20000,
    "top_k": 10
  },
  "index_text_no_store_text": {
    "bytes_lexical_sidecar": 25548358,
    "bytes_total": 57060990,
    "cold_build_ms": 4928.060038000005,
    "document_count": 20215,
    "incremental_commit": {
      "count": 200,
      "mean_ms": 20.032045434999972,
      "p50_ms": 9.947331999995868,
      "p95_ms": 12.107849999999587
    },
    "post_mutation_first_query_full_rebuild_ms": {
      "count": 15,
      "mean_ms": 374.057293733334,
      "p50_ms": 404.81093900000076,
      "p95_ms": 437.4104389999971
    },
    "post_mutation_first_query_incremental_ms": {
      "count": 15,
      "mean_ms": 96.87779739999958,
      "p50_ms": 69.08823799999908,
      "p95_ms": 187.23107999999655
    },
    "post_reopen_hybrid_recall_at_k": 0.96875,
    "query_backend": {
      "hybrid": "gpu_cupy_exact_direct",
      "lexical": "avx512bw",
      "vector": "gpu_cupy_exact_direct"
    },
    "query_latency_ms": {
      "hybrid": {
        "count": 20,
        "mean_ms": 33.92792465000056,
        "p50_ms": 17.531429000001708,
        "p95_ms": 339.9365980000013
      },
      "lexical": {
        "count": 20,
        "mean_ms": 9.037586150000365,
        "p50_ms": 9.024943999996538,
        "p95_ms": 9.30656599999935
      },
      "vector": {
        "count": 20,
        "mean_ms": 16.0124427500012,
        "p50_ms": 12.272373000001835,
        "p95_ms": 85.69872600000394
      }
    },
    "recall_at_k": {
      "hybrid": 0.96875,
      "lexical": 1.0,
      "vector": 0.0
    },
    "reopen_load_ms": 1333.1910480000033
  },
  "machine": {
    "cuda_available": true,
    "gpu_name": "NVIDIA A10",
    "platform": "Linux-4.19.0-gvisor-x86_64-with-glibc2.35",
    "python": "3.11.9"
  },
  "with_index_text": {
    "bytes_lexical_sidecar": 25548358,
    "bytes_total": 75311041,
    "cold_build_ms": 5012.19004,
    "document_count": 20215,
    "incremental_commit": {
      "count": 200,
      "mean_ms": 23.620613719999998,
      "p50_ms": 11.283598999998645,
      "p95_ms": 14.500919999999695
    },
    "post_mutation_first_query_full_rebuild_ms": {
      "count": 15,
      "mean_ms": 388.7498441333321,
      "p50_ms": 426.22765499999815,
      "p95_ms": 439.834359999999
    },
    "post_mutation_first_query_incremental_ms": {
      "count": 15,
      "mean_ms": 76.3886800666654,
      "p50_ms": 69.14315799999571,
      "p95_ms": 181.73372500000085
    },
    "post_reopen_hybrid_recall_at_k": 0.96875,
    "query_backend": {
      "hybrid": "gpu_cupy_exact_direct",
      "lexical": "avx512bw",
      "vector": "gpu_cupy_exact_direct"
    },
    "query_latency_ms": {
      "hybrid": {
        "count": 20,
        "mean_ms": 40.0638275500004,
        "p50_ms": 17.608551999998667,
        "p95_ms": 463.1146380000004
      },
      "lexical": {
        "count": 20,
        "mean_ms": 9.04986415000053,
        "p50_ms": 9.032894000000624,
        "p95_ms": 9.303817000002823
      },
      "vector": {
        "count": 20,
        "mean_ms": 16.477637200000217,
        "p50_ms": 12.414226000004192,
        "p95_ms": 90.19691599999646
      }
    },
    "recall_at_k": {
      "hybrid": 0.96875,
      "lexical": 1.0,
      "vector": 0.0
    },
    "reopen_load_ms": 1554.7537089999964
  }
}