{
  "dataset": {
    "dim": 768,
    "gt": "fp32-exact-top100",
    "n_queries": 1000,
    "rows": 1000000,
    "seed": 42
  },
  "env": {
    "cpu_count": 20,
    "git_sha": "830d58eba230f6eafad327729f72cd6275c32b5b",
    "host": "modal",
    "lodedb_version": "1.3.1",
    "numpy": "2.4.6",
    "platform": "Linux-4.19.0-gvisor-x86_64-with-glibc2.35",
    "requested_cpu": 4.0,
    "requested_memory_mb": 131072
  },
  "label": "ann1000_np8",
  "serve": {
    "batched": [
      {
        "batch_size": 64,
        "qps": 168.5381273922937
      },
      {
        "batch_size": 256,
        "qps": 185.7149945714317
      },
      {
        "batch_size": 1000,
        "qps": 207.19158133331297
      }
    ],
    "block_skip": null,
    "closed_loop": {
      "concurrency": 4,
      "latency_ms": {
        "p50_ms": 37.206062999757705,
        "p95_ms": 57.236911000018154
      },
      "qps": 104.87355309381186,
      "seconds": 20.05272004199969
    },
    "effective_nprobe": 8,
    "effective_oversample": null,
    "recall_at_100": 0.8204700000000024,
    "sequential_latency_ms": {
      "count": 1000,
      "mean_ms": 7.139642324994838,
      "p50_ms": 6.442529000196373,
      "p95_ms": 11.973886999840033
    }
  },
  "store": {
    "ann": {
      "algorithm": "cluster",
      "clusters": 1000,
      "nprobe": 16
    },
    "bit_width": 4,
    "build": null,
    "footprint": {
      "by_extension_bytes": {
        ".json": 246337029,
        ".lock": 0,
        ".tvann": 9891124,
        ".tvim": 396006162
      },
      "total_bytes": 652234315
    },
    "layout": {
      "compacted": false
    },
    "open": {
      "open_plus_first_query_seconds": 130.697397981
    },
    "rescore": null,
    "serve_overrides": {
      "ann_nprobe": 8,
      "oversample": null
    }
  },
  "volume_copy_seconds": 16.529021536999608
}
