{
  "dataset": {
    "dim": 768,
    "gt": "fp32-exact-top100",
    "n_queries": 1000,
    "rows": 1000000,
    "seed": 42
  },
  "env": {
    "cpu_count": 20,
    "git_sha": "830d58eba230f6eafad327729f72cd6275c32b5b",
    "host": "modal",
    "lodedb_version": "1.3.1",
    "numpy": "2.4.6",
    "platform": "Linux-4.19.0-gvisor-x86_64-with-glibc2.35",
    "requested_cpu": 4.0,
    "requested_memory_mb": 131072
  },
  "label": "ann1000_np32",
  "serve": {
    "batched": [
      {
        "batch_size": 64,
        "qps": 85.10408712763264
      },
      {
        "batch_size": 256,
        "qps": 77.27161827751425
      },
      {
        "batch_size": 1000,
        "qps": 80.11069324519873
      }
    ],
    "block_skip": null,
    "closed_loop": {
      "concurrency": 4,
      "latency_ms": {
        "p50_ms": 59.98600599968995,
        "p95_ms": 83.61092500035738
      },
      "qps": 65.58807294346587,
      "seconds": 20.03413030799993
    },
    "effective_nprobe": 32,
    "effective_oversample": null,
    "recall_at_100": 0.9098000000000035,
    "sequential_latency_ms": {
      "count": 1000,
      "mean_ms": 13.526658960996429,
      "p50_ms": 12.89487999974881,
      "p95_ms": 21.80622100013352
    }
  },
  "store": {
    "ann": {
      "algorithm": "cluster",
      "clusters": 1000,
      "nprobe": 16
    },
    "bit_width": 4,
    "build": null,
    "footprint": {
      "by_extension_bytes": {
        ".json": 246337029,
        ".lock": 0,
        ".tvann": 9891124,
        ".tvim": 396006162
      },
      "total_bytes": 652234315
    },
    "layout": {
      "compacted": false
    },
    "open": {
      "open_plus_first_query_seconds": 114.24999631899982
    },
    "rescore": null,
    "serve_overrides": {
      "ann_nprobe": 32,
      "oversample": null
    }
  },
  "volume_copy_seconds": 0.17011186099989573
}
