{
  "dataset": {
    "dim": 768,
    "gt": "fp32-exact-top100",
    "n_queries": 1000,
    "rows": 1000000,
    "seed": 42
  },
  "env": {
    "cpu_count": 20,
    "git_sha": "830d58eba230f6eafad327729f72cd6275c32b5b",
    "host": "modal",
    "lodedb_version": "1.3.1",
    "numpy": "2.4.6",
    "platform": "Linux-4.19.0-gvisor-x86_64-with-glibc2.35",
    "requested_cpu": 4.0,
    "requested_memory_mb": 131072
  },
  "label": "ann1000_np16",
  "serve": {
    "batched": [
      {
        "batch_size": 64,
        "qps": 126.20569835926361
      },
      {
        "batch_size": 256,
        "qps": 127.00404929540717
      },
      {
        "batch_size": 1000,
        "qps": 122.9001992761333
      }
    ],
    "block_skip": null,
    "closed_loop": {
      "concurrency": 4,
      "latency_ms": {
        "p50_ms": 43.49580400003106,
        "p95_ms": 64.1612519998489
      },
      "qps": 90.39269904995903,
      "seconds": 20.03480390599998
    },
    "effective_nprobe": 16,
    "effective_oversample": null,
    "recall_at_100": 0.8759400000000022,
    "sequential_latency_ms": {
      "count": 1000,
      "mean_ms": 8.683791319997454,
      "p50_ms": 8.190898000066227,
      "p95_ms": 13.553386000239698
    }
  },
  "store": {
    "ann": {
      "algorithm": "cluster",
      "clusters": 1000,
      "nprobe": 16
    },
    "bit_width": 4,
    "build": null,
    "footprint": {
      "by_extension_bytes": {
        ".json": 246337029,
        ".lock": 0,
        ".tvann": 9891124,
        ".tvim": 396006162
      },
      "total_bytes": 652234315
    },
    "layout": {
      "compacted": false
    },
    "open": {
      "open_plus_first_query_seconds": 108.98728262099985
    },
    "rescore": null,
    "serve_overrides": {
      "ann_nprobe": null,
      "oversample": null
    }
  },
  "volume_copy_seconds": 0.16251448899993193
}
