{
  "dataset": {
    "dim": 768,
    "gt": "fp32-exact-top100",
    "n_queries": 1000,
    "rows": 1000000,
    "seed": 42
  },
  "env": {
    "cpu_count": 20,
    "git_sha": "326ca67a44bc3fec4a88a8ebb90a70cad54e8489",
    "host": "modal",
    "lodedb_version": "1.3.1",
    "numpy": "2.4.6",
    "platform": "Linux-4.19.0-gvisor-x86_64-with-glibc2.35",
    "requested_cpu": 4.0,
    "requested_memory_mb": 131072
  },
  "label": "ann4096_np256",
  "serve": {
    "batched": [
      {
        "batch_size": 64,
        "qps": 23.354283936970194
      },
      {
        "batch_size": 256,
        "qps": 22.39598500576987
      },
      {
        "batch_size": 1000,
        "qps": 22.926310490452767
      }
    ],
    "block_skip": null,
    "closed_loop": {
      "concurrency": 4,
      "latency_ms": {
        "p50_ms": 204.61519199989198,
        "p95_ms": 255.54242199996224
      },
      "qps": 19.429494479685257,
      "seconds": 20.124043906999987
    },
    "effective_nprobe": 256,
    "effective_oversample": null,
    "recall_at_100": 0.9341900000000051,
    "sequential_latency_ms": {
      "count": 1000,
      "mean_ms": 50.48686543999338,
      "p50_ms": 48.96389900000031,
      "p95_ms": 78.3296380000138
    }
  },
  "store": {
    "ann": {
      "algorithm": "cluster",
      "clusters": 4096,
      "nprobe": 64
    },
    "bit_width": 4,
    "build": null,
    "footprint": {
      "by_extension_bytes": {
        ".json": 246337029,
        ".lock": 0,
        ".tvann": 9897316,
        ".tvim": 396006162
      },
      "total_bytes": 652240507
    },
    "layout": {
      "compacted": false
    },
    "open": {
      "open_plus_first_query_seconds": 103.99543088199994
    },
    "rescore": null,
    "serve_overrides": {
      "ann_nprobe": 256,
      "oversample": null
    }
  },
  "volume_copy_seconds": 0.16967439499990178
}
