{
  "dataset": {
    "dim": 768,
    "gt": "fp32-exact-top100",
    "n_queries": 1000,
    "rows": 1000000,
    "seed": 42
  },
  "env": {
    "cpu_count": 20,
    "git_sha": "326ca67a44bc3fec4a88a8ebb90a70cad54e8489",
    "host": "modal",
    "lodedb_version": "1.3.1",
    "numpy": "2.4.6",
    "platform": "Linux-4.19.0-gvisor-x86_64-with-glibc2.35",
    "requested_cpu": 4.0,
    "requested_memory_mb": 131072
  },
  "label": "ann4096_np128",
  "serve": {
    "batched": [
      {
        "batch_size": 64,
        "qps": 42.20771688210253
      },
      {
        "batch_size": 256,
        "qps": 37.1117417624558
      },
      {
        "batch_size": 1000,
        "qps": 33.37242380826052
      }
    ],
    "block_skip": null,
    "closed_loop": {
      "concurrency": 4,
      "latency_ms": {
        "p50_ms": 132.48763599995073,
        "p95_ms": 170.92784600004052
      },
      "qps": 29.725293504399954,
      "seconds": 20.083905981000044
    },
    "effective_nprobe": 128,
    "effective_oversample": null,
    "recall_at_100": 0.9248900000000048,
    "sequential_latency_ms": {
      "count": 1000,
      "mean_ms": 32.20666670599849,
      "p50_ms": 30.837059000077716,
      "p95_ms": 50.96282899990001
    }
  },
  "store": {
    "ann": {
      "algorithm": "cluster",
      "clusters": 4096,
      "nprobe": 64
    },
    "bit_width": 4,
    "build": null,
    "footprint": {
      "by_extension_bytes": {
        ".json": 246337029,
        ".lock": 0,
        ".tvann": 9897316,
        ".tvim": 396006162
      },
      "total_bytes": 652240507
    },
    "layout": {
      "compacted": false
    },
    "open": {
      "open_plus_first_query_seconds": 105.4112134930001
    },
    "rescore": null,
    "serve_overrides": {
      "ann_nprobe": 128,
      "oversample": null
    }
  },
  "volume_copy_seconds": 0.17093127799989816
}
