{
  "dataset": {
    "dim": 768,
    "gt": "fp32-exact-top100",
    "n_queries": 1000,
    "rows": 1000000,
    "seed": 42
  },
  "env": {
    "cpu_count": 20,
    "git_sha": "326ca67a44bc3fec4a88a8ebb90a70cad54e8489",
    "host": "modal",
    "lodedb_version": "1.3.1",
    "numpy": "2.4.6",
    "platform": "Linux-4.19.0-gvisor-x86_64-with-glibc2.35",
    "requested_cpu": 4.0,
    "requested_memory_mb": 131072
  },
  "label": "ann4096_np32",
  "serve": {
    "batched": [
      {
        "batch_size": 64,
        "qps": 117.34031042363651
      },
      {
        "batch_size": 256,
        "qps": 116.25242086953077
      },
      {
        "batch_size": 1000,
        "qps": 123.91927140869363
      }
    ],
    "block_skip": null,
    "closed_loop": {
      "concurrency": 4,
      "latency_ms": {
        "p50_ms": 49.691999000060605,
        "p95_ms": 63.2093489999761
      },
      "qps": 79.19622833021539,
      "seconds": 20.051459943000054
    },
    "effective_nprobe": 32,
    "effective_oversample": null,
    "recall_at_100": 0.8750200000000021,
    "sequential_latency_ms": {
      "count": 1000,
      "mean_ms": 12.04665457500039,
      "p50_ms": 11.301730000013777,
      "p95_ms": 18.351778999999624
    }
  },
  "store": {
    "ann": {
      "algorithm": "cluster",
      "clusters": 4096,
      "nprobe": 64
    },
    "bit_width": 4,
    "build": null,
    "footprint": {
      "by_extension_bytes": {
        ".json": 246337029,
        ".lock": 0,
        ".tvann": 9897316,
        ".tvim": 396006162
      },
      "total_bytes": 652240507
    },
    "layout": {
      "compacted": false
    },
    "open": {
      "open_plus_first_query_seconds": 863.39279991
    },
    "rescore": null,
    "serve_overrides": {
      "ann_nprobe": 32,
      "oversample": null
    }
  },
  "volume_copy_seconds": 4.327457374
}
