{
  "dataset": {
    "dim": 768,
    "gt": "fp32-exact-top100",
    "n_queries": 1000,
    "rows": 1000000,
    "seed": 42
  },
  "env": {
    "cpu_count": 20,
    "git_sha": "326ca67a44bc3fec4a88a8ebb90a70cad54e8489",
    "host": "modal",
    "lodedb_version": "1.3.1",
    "numpy": "2.4.6",
    "platform": "Linux-4.19.0-gvisor-x86_64-with-glibc2.35",
    "requested_cpu": 4.0,
    "requested_memory_mb": 131072
  },
  "label": "ann4096_rs_fp16_np128_ov4",
  "serve": {
    "batched": [
      {
        "batch_size": 64,
        "qps": 27.668129363887147
      },
      {
        "batch_size": 256,
        "qps": 27.64834791483819
      },
      {
        "batch_size": 1000,
        "qps": 25.420075613493566
      }
    ],
    "block_skip": null,
    "closed_loop": {
      "concurrency": 4,
      "latency_ms": {
        "p50_ms": 151.21242600025653,
        "p95_ms": 184.90933600014614
      },
      "qps": 26.20057054511307,
      "seconds": 20.15223290999984
    },
    "effective_nprobe": 128,
    "effective_oversample": 4.0,
    "recall_at_100": 0.9701200000000046,
    "sequential_latency_ms": {
      "count": 1000,
      "mean_ms": 38.18656693899993,
      "p50_ms": 36.58699900006468,
      "p95_ms": 56.63395800002036
    }
  },
  "store": {
    "ann": {
      "algorithm": "cluster",
      "clusters": 4096,
      "nprobe": 64
    },
    "bit_width": 4,
    "build": null,
    "footprint": {
      "by_extension_bytes": {
        ".json": 246338636,
        ".lock": 0,
        ".tvann": 9897316,
        ".tvfd": 1548000148,
        ".tvim": 396006162,
        ".tvvf": 1548000252
      },
      "total_bytes": 3748242514
    },
    "layout": {
      "compacted": false
    },
    "open": {
      "open_plus_first_query_seconds": 103.7084075759999
    },
    "rescore": {
      "dtype": "fp16",
      "oversample": 4.0
    },
    "serve_overrides": {
      "ann_nprobe": 128,
      "oversample": 4.0
    }
  },
  "volume_copy_seconds": 0.923486679999769
}
