{
  "dataset": {
    "dim": 768,
    "gt": "fp32-exact-top100",
    "n_queries": 1000,
    "rows": 1000000,
    "seed": 42
  },
  "env": {
    "cpu_count": 20,
    "git_sha": "326ca67a44bc3fec4a88a8ebb90a70cad54e8489",
    "host": "modal",
    "lodedb_version": "1.3.1",
    "numpy": "2.4.6",
    "platform": "Linux-4.19.0-gvisor-x86_64-with-glibc2.35",
    "requested_cpu": 4.0,
    "requested_memory_mb": 131072
  },
  "label": "ann4096_rs_fp16_np256_ov4",
  "serve": {
    "batched": [
      {
        "batch_size": 64,
        "qps": 17.724087677215305
      },
      {
        "batch_size": 256,
        "qps": 17.565257484305892
      },
      {
        "batch_size": 1000,
        "qps": 16.7035958890313
      }
    ],
    "block_skip": null,
    "closed_loop": {
      "concurrency": 4,
      "latency_ms": {
        "p50_ms": 238.40255799996157,
        "p95_ms": 306.92236100003356
      },
      "qps": 16.413703520646308,
      "seconds": 20.28792585300016
    },
    "effective_nprobe": 256,
    "effective_oversample": 4.0,
    "recall_at_100": 0.9863300000000033,
    "sequential_latency_ms": {
      "count": 1000,
      "mean_ms": 58.669433035011025,
      "p50_ms": 57.84305899987885,
      "p95_ms": 86.65433900023345
    }
  },
  "store": {
    "ann": {
      "algorithm": "cluster",
      "clusters": 4096,
      "nprobe": 64
    },
    "bit_width": 4,
    "build": null,
    "footprint": {
      "by_extension_bytes": {
        ".json": 246338636,
        ".lock": 0,
        ".tvann": 9897316,
        ".tvfd": 1548000148,
        ".tvim": 396006162,
        ".tvvf": 1548000252
      },
      "total_bytes": 3748242514
    },
    "layout": {
      "compacted": false
    },
    "open": {
      "open_plus_first_query_seconds": 103.98209591500017
    },
    "rescore": {
      "dtype": "fp16",
      "oversample": 4.0
    },
    "serve_overrides": {
      "ann_nprobe": 256,
      "oversample": 4.0
    }
  },
  "volume_copy_seconds": 0.9115309849998994
}
