{
  "dataset": {
    "dim": 768,
    "gt": "fp32-exact-top100",
    "n_queries": 1000,
    "rows": 1000000,
    "seed": 42
  },
  "env": {
    "cpu_count": 20,
    "git_sha": "326ca67a44bc3fec4a88a8ebb90a70cad54e8489",
    "host": "modal",
    "lodedb_version": "1.3.1",
    "numpy": "2.4.6",
    "platform": "Linux-4.19.0-gvisor-x86_64-with-glibc2.35",
    "requested_cpu": 4.0,
    "requested_memory_mb": 131072
  },
  "label": "ann4096_np64",
  "serve": {
    "batched": [
      {
        "batch_size": 64,
        "qps": 70.81128439502871
      },
      {
        "batch_size": 256,
        "qps": 71.21252101483375
      },
      {
        "batch_size": 1000,
        "qps": 66.45123452428024
      }
    ],
    "block_skip": null,
    "closed_loop": {
      "concurrency": 4,
      "latency_ms": {
        "p50_ms": 81.84078800013594,
        "p95_ms": 105.8602890000202
      },
      "qps": 48.097170846902614,
      "seconds": 20.08434140700001
    },
    "effective_nprobe": 64,
    "effective_oversample": null,
    "recall_at_100": 0.9064600000000033,
    "sequential_latency_ms": {
      "count": 1000,
      "mean_ms": 19.144977825005984,
      "p50_ms": 18.106329999909576,
      "p95_ms": 31.31896000013512
    }
  },
  "store": {
    "ann": {
      "algorithm": "cluster",
      "clusters": 4096,
      "nprobe": 64
    },
    "bit_width": 4,
    "build": null,
    "footprint": {
      "by_extension_bytes": {
        ".json": 246337029,
        ".lock": 0,
        ".tvann": 9897316,
        ".tvim": 396006162
      },
      "total_bytes": 652240507
    },
    "layout": {
      "compacted": false
    },
    "open": {
      "open_plus_first_query_seconds": 105.61856028700015
    },
    "rescore": null,
    "serve_overrides": {
      "ann_nprobe": null,
      "oversample": null
    }
  },
  "volume_copy_seconds": 0.16263377600000695
}
