{
  "dataset": {
    "dim": 768,
    "gt": "fp32-exact-top100",
    "n_queries": 1000,
    "rows": 1000000,
    "seed": 42
  },
  "env": {
    "cpu_count": 20,
    "git_sha": "326ca67a44bc3fec4a88a8ebb90a70cad54e8489",
    "host": "modal",
    "lodedb_version": "1.3.1",
    "numpy": "2.4.6",
    "platform": "Linux-4.19.0-gvisor-x86_64-with-glibc2.35",
    "requested_cpu": 4.0,
    "requested_memory_mb": 131072
  },
  "label": "ann4096_rs_fp16_np64_ov4",
  "serve": {
    "batched": [
      {
        "batch_size": 64,
        "qps": 38.882308026824084
      },
      {
        "batch_size": 256,
        "qps": 36.804086574761264
      },
      {
        "batch_size": 1000,
        "qps": 36.67355919268857
      }
    ],
    "block_skip": null,
    "closed_loop": {
      "concurrency": 4,
      "latency_ms": {
        "p50_ms": 107.88540900011867,
        "p95_ms": 132.1449570000368
      },
      "qps": 36.57741384195871,
      "seconds": 20.094367611000052
    },
    "effective_nprobe": 64,
    "effective_oversample": 4.0,
    "recall_at_100": 0.943990000000003,
    "sequential_latency_ms": {
      "count": 1000,
      "mean_ms": 27.6113528449946,
      "p50_ms": 26.327849000153947,
      "p95_ms": 39.584618999924714
    }
  },
  "store": {
    "ann": {
      "algorithm": "cluster",
      "clusters": 4096,
      "nprobe": 64
    },
    "bit_width": 4,
    "build": null,
    "footprint": {
      "by_extension_bytes": {
        ".json": 246338636,
        ".lock": 0,
        ".tvann": 9897316,
        ".tvfd": 1548000148,
        ".tvim": 396006162,
        ".tvvf": 1548000252
      },
      "total_bytes": 3748242514
    },
    "layout": {
      "compacted": false
    },
    "open": {
      "open_plus_first_query_seconds": 104.41806204900013
    },
    "rescore": {
      "dtype": "fp16",
      "oversample": 4.0
    },
    "serve_overrides": {
      "ann_nprobe": 64,
      "oversample": 4.0
    }
  },
  "volume_copy_seconds": 12.61156988100015
}
