{
  "dataset": {
    "dim": 768,
    "gt": "fp32-exact-top100",
    "n_queries": 1000,
    "rows": 1000000,
    "seed": 42
  },
  "env": {
    "cpu_count": 20,
    "git_sha": "830d58eba230f6eafad327729f72cd6275c32b5b",
    "host": "modal",
    "lodedb_version": "1.3.1",
    "numpy": "2.4.6",
    "platform": "Linux-4.19.0-gvisor-x86_64-with-glibc2.35",
    "requested_cpu": 4.0,
    "requested_memory_mb": 131072
  },
  "label": "exact_bw4",
  "serve": {
    "batched": [
      {
        "batch_size": 64,
        "qps": 723.1328247208929
      },
      {
        "batch_size": 256,
        "qps": 800.8528356927357
      },
      {
        "batch_size": 1000,
        "qps": 751.512653122753
      }
    ],
    "block_skip": null,
    "closed_loop": {
      "concurrency": 4,
      "latency_ms": {
        "p50_ms": 216.85327999989568,
        "p95_ms": 229.16437200001383
      },
      "qps": 18.32059537740055,
      "seconds": 20.195850210000003
    },
    "effective_nprobe": null,
    "effective_oversample": null,
    "recall_at_100": 0.9407600000000058,
    "sequential_latency_ms": {
      "count": 1000,
      "mean_ms": 53.9493882960013,
      "p50_ms": 53.27951200001735,
      "p95_ms": 57.728948000089986
    }
  },
  "store": {
    "ann": null,
    "bit_width": 4,
    "build": null,
    "footprint": {
      "by_extension_bytes": {
        ".json": 246336672,
        ".lock": 0,
        ".tvim": 396006162
      },
      "total_bytes": 642342834
    },
    "layout": {
      "compacted": false
    },
    "open": {
      "open_plus_first_query_seconds": 861.5607164720001
    },
    "rescore": null,
    "serve_overrides": {
      "ann_nprobe": null,
      "oversample": null
    }
  },
  "volume_copy_seconds": 5.168128476
}
