{
  "dataset": {
    "dim": 768,
    "gt": "fp32-exact-top100",
    "n_queries": 1000,
    "rows": 1000000,
    "seed": 42
  },
  "env": {
    "cpu_count": 20,
    "git_sha": "830d58eba230f6eafad327729f72cd6275c32b5b",
    "host": "modal",
    "lodedb_version": "1.3.1",
    "numpy": "2.4.6",
    "platform": "Linux-4.19.0-gvisor-x86_64-with-glibc2.35",
    "requested_cpu": 4.0,
    "requested_memory_mb": 131072
  },
  "label": "exact_rs_fp16_ov8",
  "serve": {
    "batched": [
      {
        "batch_size": 64,
        "qps": 107.43687391612772
      },
      {
        "batch_size": 256,
        "qps": 110.60240117545024
      },
      {
        "batch_size": 1000,
        "qps": 112.70273785721493
      }
    ],
    "block_skip": null,
    "closed_loop": {
      "concurrency": 4,
      "latency_ms": {
        "p50_ms": 281.34207900006913,
        "p95_ms": 301.10661699995944
      },
      "qps": 14.096916581955478,
      "seconds": 20.217187094999872
    },
    "effective_nprobe": null,
    "effective_oversample": 8.0,
    "recall_at_100": 0.9994600000000003,
    "sequential_latency_ms": {
      "count": 1000,
      "mean_ms": 69.74304243300162,
      "p50_ms": 69.40613200004009,
      "p95_ms": 72.6144860000204
    }
  },
  "store": {
    "ann": null,
    "bit_width": 4,
    "build": null,
    "footprint": {
      "by_extension_bytes": {
        ".json": 246338277,
        ".lock": 0,
        ".tvfd": 1548000148,
        ".tvim": 396006162,
        ".tvvf": 1548000252
      },
      "total_bytes": 3738344839
    },
    "layout": {
      "compacted": false
    },
    "open": {
      "open_plus_first_query_seconds": 103.765619732
    },
    "rescore": {
      "dtype": "fp16",
      "oversample": 4.0
    },
    "serve_overrides": {
      "ann_nprobe": null,
      "oversample": 8.0
    }
  },
  "volume_copy_seconds": 0.8712268950000635
}
