{
  "dataset": {
    "dim": 768,
    "gt": "fp32-exact-top100",
    "n_queries": 1000,
    "rows": 1000000,
    "seed": 42
  },
  "env": {
    "cpu_count": 20,
    "git_sha": "830d58eba230f6eafad327729f72cd6275c32b5b",
    "host": "modal",
    "lodedb_version": "1.3.1",
    "numpy": "2.4.6",
    "platform": "Linux-4.19.0-gvisor-x86_64-with-glibc2.35",
    "requested_cpu": 4.0,
    "requested_memory_mb": 131072
  },
  "label": "exact_rs_fp16_ov2",
  "serve": {
    "batched": [
      {
        "batch_size": 64,
        "qps": 259.4954894876612
      },
      {
        "batch_size": 256,
        "qps": 263.6313125362402
      },
      {
        "batch_size": 1000,
        "qps": 299.20090839597583
      }
    ],
    "block_skip": null,
    "closed_loop": {
      "concurrency": 4,
      "latency_ms": {
        "p50_ms": 232.27309100002458,
        "p95_ms": 242.0878799998718
      },
      "qps": 17.126292372537804,
      "seconds": 20.20285491300001
    },
    "effective_nprobe": null,
    "effective_oversample": 2.0,
    "recall_at_100": 0.9994400000000004,
    "sequential_latency_ms": {
      "count": 1000,
      "mean_ms": 57.63201885099875,
      "p50_ms": 56.70042199994896,
      "p95_ms": 62.2044410001763
    }
  },
  "store": {
    "ann": null,
    "bit_width": 4,
    "build": null,
    "footprint": {
      "by_extension_bytes": {
        ".json": 246338277,
        ".lock": 0,
        ".tvfd": 1548000148,
        ".tvim": 396006162,
        ".tvvf": 1548000252
      },
      "total_bytes": 3738344839
    },
    "layout": {
      "compacted": false
    },
    "open": {
      "open_plus_first_query_seconds": 103.92700778699987
    },
    "rescore": {
      "dtype": "fp16",
      "oversample": 4.0
    },
    "serve_overrides": {
      "ann_nprobe": null,
      "oversample": 2.0
    }
  },
  "volume_copy_seconds": 28.372886185000084
}
