{
  "dataset": {
    "dim": 768,
    "gt": "fp32-exact-top100",
    "n_queries": 1000,
    "rows": 1000000,
    "seed": 42
  },
  "env": {
    "cpu_count": 20,
    "git_sha": "830d58eba230f6eafad327729f72cd6275c32b5b",
    "host": "modal",
    "lodedb_version": "1.3.1",
    "numpy": "2.4.6",
    "platform": "Linux-4.19.0-gvisor-x86_64-with-glibc2.35",
    "requested_cpu": 4.0,
    "requested_memory_mb": 131072
  },
  "label": "exact_rs_fp16_ov4",
  "serve": {
    "batched": [
      {
        "batch_size": 64,
        "qps": 175.37790055792794
      },
      {
        "batch_size": 256,
        "qps": 181.86337212141186
      },
      {
        "batch_size": 1000,
        "qps": 188.45331752550211
      }
    ],
    "block_skip": null,
    "closed_loop": {
      "concurrency": 4,
      "latency_ms": {
        "p50_ms": 248.7656700000116,
        "p95_ms": 261.3085980001415
      },
      "qps": 15.958420050591128,
      "seconds": 20.240098893000095
    },
    "effective_nprobe": null,
    "effective_oversample": 4.0,
    "recall_at_100": 0.9994600000000003,
    "sequential_latency_ms": {
      "count": 1000,
      "mean_ms": 62.037337467000725,
      "p50_ms": 61.56704299996818,
      "p95_ms": 65.44537200011291
    }
  },
  "store": {
    "ann": null,
    "bit_width": 4,
    "build": null,
    "footprint": {
      "by_extension_bytes": {
        ".json": 246338277,
        ".lock": 0,
        ".tvfd": 1548000148,
        ".tvim": 396006162,
        ".tvvf": 1548000252
      },
      "total_bytes": 3738344839
    },
    "layout": {
      "compacted": false
    },
    "open": {
      "open_plus_first_query_seconds": 103.961573434
    },
    "rescore": {
      "dtype": "fp16",
      "oversample": 4.0
    },
    "serve_overrides": {
      "ann_nprobe": null,
      "oversample": 4.0
    }
  },
  "volume_copy_seconds": 0.8490754819999893
}
