{
  "dataset": {
    "dim": 768,
    "gt": "fp32-exact-top100",
    "n_queries": 1000,
    "rows": 1000000,
    "seed": 42
  },
  "env": {
    "cpu_count": 20,
    "git_sha": "830d58eba230f6eafad327729f72cd6275c32b5b",
    "host": "modal",
    "lodedb_version": "1.3.1",
    "numpy": "2.4.6",
    "platform": "Linux-4.19.0-gvisor-x86_64-with-glibc2.35",
    "requested_cpu": 4.0,
    "requested_memory_mb": 131072
  },
  "label": "exact_rs_fp32_ov4",
  "serve": {
    "batched": [
      {
        "batch_size": 64,
        "qps": 175.0834494867954
      },
      {
        "batch_size": 256,
        "qps": 189.12891681145086
      },
      {
        "batch_size": 1000,
        "qps": 177.5867494635647
      }
    ],
    "block_skip": null,
    "closed_loop": {
      "concurrency": 4,
      "latency_ms": {
        "p50_ms": 240.50385700002153,
        "p95_ms": 250.84789199991064
      },
      "qps": 16.536007553162623,
      "seconds": 20.198345878000055
    },
    "effective_nprobe": null,
    "effective_oversample": 4.0,
    "recall_at_100": 0.9999600000000001,
    "sequential_latency_ms": {
      "count": 1000,
      "mean_ms": 60.78264293300207,
      "p50_ms": 60.007614999904035,
      "p95_ms": 65.28632900017328
    }
  },
  "store": {
    "ann": null,
    "bit_width": 4,
    "build": null,
    "footprint": {
      "by_extension_bytes": {
        ".json": 246338279,
        ".lock": 0,
        ".tvfd": 3084000148,
        ".tvim": 396006162,
        ".tvvf": 3084000252
      },
      "total_bytes": 6810344841
    },
    "layout": {
      "compacted": false
    },
    "open": {
      "open_plus_first_query_seconds": 101.25620091099995
    },
    "rescore": {
      "dtype": "fp32",
      "oversample": 4.0
    },
    "serve_overrides": {
      "ann_nprobe": null,
      "oversample": 4.0
    }
  },
  "volume_copy_seconds": 44.701213769000105
}
