{
  "dataset": {
    "dim": 768,
    "gt": "fp32-exact-top100",
    "n_queries": 1000,
    "rows": 1000000,
    "seed": 42
  },
  "env": {
    "cpu_count": 20,
    "git_sha": "830d58eba230f6eafad327729f72cd6275c32b5b",
    "host": "modal",
    "lodedb_version": "1.3.1",
    "numpy": "2.4.6",
    "platform": "Linux-4.19.0-gvisor-x86_64-with-glibc2.35",
    "requested_cpu": 4.0,
    "requested_memory_mb": 131072
  },
  "label": "prechange_layout_np128",
  "serve": {
    "batched": [
      {
        "batch_size": 64,
        "qps": 14.560514131756271
      },
      {
        "batch_size": 256,
        "qps": 14.266927935559975
      },
      {
        "batch_size": 1000,
        "qps": 14.316232522948372
      }
    ],
    "block_skip": null,
    "closed_loop": {
      "concurrency": 4,
      "latency_ms": {
        "p50_ms": 299.68230600002244,
        "p95_ms": 342.85792599985143
      },
      "qps": 13.350966473629699,
      "seconds": 20.223255037999934
    },
    "effective_nprobe": 128,
    "effective_oversample": null,
    "recall_at_100": 0.9361700000000052,
    "sequential_latency_ms": {
      "count": 1000,
      "mean_ms": 72.77218546000017,
      "p50_ms": 73.50549800003137,
      "p95_ms": 92.75652099995568
    }
  },
  "store": {
    "ann": {
      "algorithm": "cluster",
      "clusters": 1000,
      "nprobe": 16
    },
    "bit_width": 4,
    "build": null,
    "footprint": {
      "by_extension_bytes": {
        ".json": 246337029,
        ".lock": 0,
        ".tvann": 9891124,
        ".tvim": 396006162
      },
      "total_bytes": 652234315
    },
    "layout": {
      "compacted": false
    },
    "open": {
      "open_plus_first_query_seconds": 80.89789687500001
    },
    "rescore": null,
    "serve_overrides": {
      "ann_nprobe": 128,
      "oversample": null
    }
  },
  "volume_copy_seconds": 0.17960661200004324
}
