{
  "dataset": {
    "dim": 768,
    "gt": "fp32-exact-top100",
    "n_queries": 1000,
    "rows": 1000000,
    "seed": 42
  },
  "env": {
    "cpu_count": 20,
    "git_sha": "830d58eba230f6eafad327729f72cd6275c32b5b",
    "host": "modal",
    "lodedb_version": "1.3.1",
    "numpy": "2.4.6",
    "platform": "Linux-4.19.0-gvisor-x86_64-with-glibc2.35",
    "requested_cpu": 4.0,
    "requested_memory_mb": 131072
  },
  "label": "prechange_layout_np16",
  "serve": {
    "batched": [
      {
        "batch_size": 64,
        "qps": 70.26262718817783
      },
      {
        "batch_size": 256,
        "qps": 70.16095151877363
      },
      {
        "batch_size": 1000,
        "qps": 60.515265170952084
      }
    ],
    "block_skip": null,
    "closed_loop": {
      "concurrency": 4,
      "latency_ms": {
        "p50_ms": 73.20647200003805,
        "p95_ms": 98.08096200004002
      },
      "qps": 53.51255107480937,
      "seconds": 20.070057929000086
    },
    "effective_nprobe": 16,
    "effective_oversample": null,
    "recall_at_100": 0.8759300000000022,
    "sequential_latency_ms": {
      "count": 1000,
      "mean_ms": 16.182302495996282,
      "p50_ms": 15.840691999983392,
      "p95_ms": 23.210625000047003
    }
  },
  "store": {
    "ann": {
      "algorithm": "cluster",
      "clusters": 1000,
      "nprobe": 16
    },
    "bit_width": 4,
    "build": null,
    "footprint": {
      "by_extension_bytes": {
        ".json": 246337029,
        ".lock": 0,
        ".tvann": 9891124,
        ".tvim": 396006162
      },
      "total_bytes": 652234315
    },
    "layout": {
      "compacted": false
    },
    "open": {
      "open_plus_first_query_seconds": 112.10079082699986
    },
    "rescore": null,
    "serve_overrides": {
      "ann_nprobe": null,
      "oversample": null
    }
  },
  "volume_copy_seconds": 0.17660999800000354
}
